<?xml version="1.0" encoding="utf-8"?>
<varlist name="WaterBodyList">
	<WaterBody>
		<int name="WaterID">1</int>
		<int name="Type">10</int>
		<float name="WaterLevel">0.000000</float>
		<int64 name="nPixels">0</int64>
		<int name="xCoord">588</int>
		<int name="yCoord">0</int>
	</WaterBody>
	<WaterBody>
		<int name="WaterID">2</int>
		<int name="Type">30</int>
		<float name="WaterLevel">110.484245</float>
		<int64 name="nPixels">2104</int64>
		<int name="xCoord">64</int>
		<int name="yCoord">0</int>
	</WaterBody>
	<WaterBody>
		<int name="WaterID">3</int>
		<int name="Type">30</int>
		<float name="WaterLevel">196.822449</float>
		<int64 name="nPixels">5836</int64>
		<int name="xCoord">64</int>
		<int name="yCoord">32</int>
	</WaterBody>
	<WaterBody>
		<int name="WaterID">4</int>
		<int name="Type">30</int>
		<float name="WaterLevel">232.899155</float>
		<int64 name="nPixels">8123</int64>
		<int name="xCoord">132</int>
		<int name="yCoord">32</int>
	</WaterBody>
	<WaterBody>
		<int name="WaterID">5</int>
		<int name="Type">30</int>
		<float name="WaterLevel">16.360403</float>
		<int64 name="nPixels">547</int64>
		<int name="xCoord">448</int>
		<int name="yCoord">9</int>
	</WaterBody>
	<WaterBody>
		<int name="WaterID">6</int>
		<int name="Type">30</int>
		<float name="WaterLevel">37.710270</float>
		<int64 name="nPixels">2886</int64>
		<int name="xCoord">453</int>
		<int name="yCoord">32</int>
	</WaterBody>
	<WaterBody>
		<int name="WaterID">7</int>
		<int name="Type">30</int>
		<float name="WaterLevel">60.288609</float>
		<int64 name="nPixels">1917</int64>
		<int name="xCoord">991</int>
		<int name="yCoord">13</int>
	</WaterBody>
	<WaterBody>
		<int name="WaterID">8</int>
		<int name="Type">30</int>
		<float name="WaterLevel">205.536911</float>
		<int64 name="nPixels">4039</int64>
		<int name="xCoord">531</int>
		<int name="yCoord">139</int>
	</WaterBody>
	<WaterBody>
		<int name="WaterID">9</int>
		<int name="Type">30</int>
		<float name="WaterLevel">136.280640</float>
		<int64 name="nPixels">5094</int64>
		<int name="xCoord">991</int>
		<int name="yCoord">332</int>
	</WaterBody>
	<WaterBody>
		<int name="WaterID">10</int>
		<int name="Type">30</int>
		<float name="WaterLevel">14.049190</float>
		<int64 name="nPixels">1839</int64>
		<int name="xCoord">0</int>
		<int name="yCoord">471</int>
	</WaterBody>
	<WaterBody>
		<int name="WaterID">11</int>
		<int name="Type">30</int>
		<float name="WaterLevel">247.462997</float>
		<int64 name="nPixels">5142</int64>
		<int name="xCoord">577</int>
		<int name="yCoord">479</int>
	</WaterBody>
</varlist>
