<?xml version="1.0" encoding="utf-8"?>
<varlist name="Settings">
	<varlist name="DM">
		<string name="Algorithm">PeakDM</string>
		<int name="nx">16</int>
		<int name="ny">8</int>
		<byte name="SeaLand">75</byte>
		<byte name="FlatSteep">70</byte>
		<byte name="FeatureScale">50</byte>
		<byte name="FracRough">50</byte>
		<byte name="PeakRough">50</byte>
		<byte name="Cliffs">50</byte>
		<byte name="Erosion">7</byte>
		<byte name="Lakes">10</byte>
		<string name="Climate">Temperate</string>
	</varlist>
	<varlist name="HF">
		<string name="Algorithm">InflateDM64</string>
		<float name="HorizScale">10.000000</float>
		<bool name="MosaicFlag">false</bool>
		<int name="MosaicSize">512</int>
	</varlist>
	<bool name="WrapFlag">false</bool>
	<varlist name="WM">
		<varlist name="FloodAll">
			<bool name="ClearFlag">false</bool>
			<bool name="WplaneFlag">true</bool>
			<float name="WplaneLevel">0</float>
			<int name="WplaneType">10</int>
			<bool name="SeaFlag">true</bool>
			<bool name="LakesFlag">true</bool>
			<bool name="WtableFlag">true</bool>
		</varlist>
		<varlist name="Wtable">
			<int name="nIter">2</int>
			<bool name="ClearWtableBeforeCalc">false</bool>
			<varlist name="Wtable">
				<float name="MaxDepth">100.000000</float>
				<float name="RiseParam">0.800000</float>
				<float name="FallParam">0.960000</float>
				<float name="LossParam">5.000000</float>
				<float name="Tolerance">0.010000</float>
			</varlist>
			<varlist name="Salin">
				<bool name="EnableFlag">true</bool>
				<float name="LossParam">5.000000</float>
				<float name="GradExpon">0.050000</float>
				<float name="LakeLoss">0</float>
				<float name="Tolerance">5.000000e-004</float>
			</varlist>
		</varlist>
	</varlist>
	<varlist name="LM">
		<colour name="Sun">255, 238, 206</colour>
		<colour name="Amb">230, 245, 255</colour>
		<float name="Azim">-45.000000</float>
		<float name="Elev">30.000000</float>
		<float name="Brightness">1.100000</float>
		<float name="SunAmbRatio">0.750000</float>
		<bool name="UseWM">true</bool>
		<bool name="ShadowFlag">true</bool>
		<bool name="BumpMapping">false</bool>
		<bool name="MosaicFlag">false</bool>
		<int name="LM_in_HF">1</int>
		<vector3f name="AbsRGB">20.000000, 50.000000, 100.000000</vector3f>
		<bool name="DoFresnel">true</bool>
		<float name="DefaultTx">1.000000</float>
	</varlist>
	<varlist name="TX">
		<bool name="UseLM">true</bool>
		<bool name="UseTX">true</bool>
		<bool name="UseStrata">true</bool>
		<int name="TX_in_HF">2</int>
		<bool name="MosaicFlag">true</bool>
		<int name="MosaicSize">512</int>
		<bool name="ProcLT">false</bool>
	</varlist>
	<varlist name="Ops">
		<bool name="GenDM">true</bool>
		<bool name="GenHF">true</bool>
		<bool name="FloodSea">true</bool>
		<bool name="FloodLakes">true</bool>
		<bool name="WaterTable">true</bool>
		<bool name="FloodAll">true</bool>
		<bool name="GenAM">true</bool>
		<bool name="GenTN">true</bool>
		<bool name="GenLM">true</bool>
		<bool name="GenTX">true</bool>
	</varlist>
</varlist>
